<?xml version="1.0" encoding="iso-8859-1" ?>
 <extension key="uk.co.circleinteractive.payment.bitcoin" type="module">
  <downloadUrl>http://extensions.circle-interactive.co.uk/</downloadUrl>
  <file>bitcoin</file>
  <name>Bitcoin</name>
  <description>Bitcoin payment processing for CiviCRM</description>
  <urls>
    <url desc="Main Extension Page">http://www.circle-interactive.co.uk</url>
    <url desc="Documentation">http://www.circle-interactive.co.uk</url>
    <url desc="Support">http://forum.civicrm.org</url>
    <url desc="Licensing">http://civicrm.org/licensing</url>
  </urls>
  <license>AGPL</license>
  <maintainer>
    <author>Andrew Walker</author>
    <email>andyw@circle-interactive.co.uk</email>
  </maintainer>
  <releaseDate>2014-06-13</releaseDate>
  <version>0.1.0</version>
  <develStage>alpha</develStage>
  <compatibility>
    <ver>4.4</ver>
    <ver>4.5</ver>
  </compatibility>
  <comments>For support, please contact project team on the forums. (http://forum.civicrm.org)</comments>
</extension>